jK,abc@gmail.com,hello
person 2,xyz@gmail.com,hello2
person 3,xyz@gmail.com,hello2
person 3,xyz@gmail.com,hello2
person 3,xyz@gmail.com,hello2
person 3,xyz@gmail.com,hello2
person 3,xyz@gmail.com,hello2
person 3,xyz@gmail.com,hello2
person 3,xyz@gmail.com,hello2
person 3,xyz@gmail.com,hello2
person 3,xyz@gmail.com,hello2
person 3,xyz@gmail.com,hello2
person 3,xyz@gmail.com,hello2
person 3,xyz@gmail.com,hello2
person 3,xyz@gmail.com,hello2
person 3,xyz@gmail.com,hello2
person 3,xyz@gmail.com,hello2
person 3,xyz@gmail.com,hello2
person 3,xyz@gmail.com,hello2
person 3,xyz@gmail.com,hello2
person 3,xyz@gmail.com,hello2
person 3,xyz@gmail.com,hello2
person 12,abc@gmail.com,hello2
